agency,landfall_events,matched_independent_truth_events,truth_coverage_fraction,bias_ms,mae_ms,rmse_ms,error_sd_ms,bias_95ci_low,bias_95ci_high,mae_95ci_low,mae_95ci_high,rmse_95ci_low,rmse_95ci_high,error_sd_95ci_low,error_sd_95ci_high,status,cma_home_advantage
JTWC,108,4,0.037037037037037035,12.637248444366488,12.637248444366488,13.598467912321219,5.798652868587851,9.094331784328759,18.507278731066428,9.094331784328759,18.507278731066428,9.11828400341726,19.113118170537934,0.047879851420518094,6.834198960501898,measured_against_external_grade_a_truth,False
JMA,108,4,0.037037037037037035,6.045996669503073,6.045996669503073,6.840594499170431,3.6949799051214516,3.6748517723670595,9.52336742713996,3.6748517723670595,9.52336742713996,3.675218970792719,10.094284523584665,0.05195126952610351,4.522185503154259,measured_against_external_grade_a_truth,False
CMA,108,4,0.037037037037037035,7.909972821967069,7.909972821967069,9.49749768447478,6.070122703026261,3.1743032078335585,13.90553627881625,3.1743032078335585,13.90553627881625,3.813110356742409,14.553704921501309,0.18357242358921685,7.266413905637839,measured_against_external_grade_a_truth,True
HKO,108,4,0.037037037037037035,12.413288120576553,12.413288120576553,13.234238100108316,5.298469732027866,9.283853465982526,17.59539112739681,9.283853465982526,17.59539112739681,9.287266737329675,18.20030418304493,0.2517702771862797,6.495131099801295,measured_against_external_grade_a_truth,False
KMA,108,4,0.037037037037037035,6.310924107097496,6.310924107097496,7.358932757656892,4.370526779259962,2.682231175241151,9.939617038953841,2.682231175241151,9.939617038953841,2.6998771077415524,10.050793315282355,0.30817579313009524,5.0570265422850955,measured_against_external_grade_a_truth,False
