,JTWC,JMA,CMA,HKO,KMA
JTWC,1.0,-0.246432623387045,0.9003535735106867,0.9955067197979461,0.8171926674095922
JMA,-0.246432623387045,1.0,0.051466894212819074,-0.22077363325465105,-0.4463653136593416
CMA,0.9003535735106867,0.051466894212819074,1.0,0.8732176480587532,0.8361179526594845
HKO,0.9955067197979461,-0.22077363325465105,0.8732176480587532,1.0,0.7598573779431735
KMA,0.8171926674095922,-0.4463653136593416,0.8361179526594845,0.7598573779431735,1.0
