,JTWC,JMA,CMA,HKO,KMA
JTWC,1.0,0.1704934108537689,,0.5798834662304234,0.173434626543704
JMA,0.1704934108537689,1.0,,0.34964540195680543,0.7873965140907088
CMA,,,,,
HKO,0.5798834662304234,0.34964540195680543,,1.0,0.5158417052979116
KMA,0.173434626543704,0.7873965140907088,,0.5158417052979116,1.0
