,JTWC,JMA,CMA,HKO,KMA
JTWC,1.0,-0.05230852087815281,,0.414881211109453,-0.051900586060960624
JMA,-0.052308520878152805,1.0,,0.15158442708024722,0.6894705783068765
CMA,,,,,
HKO,0.414881211109453,0.15158442708024722,,1.0,0.30874912536138516
KMA,-0.051900586060960624,0.6894705783068765,,0.30874912536138516,1.0
