,JTWC,JMA,CMA,HKO,KMA
JTWC,1.0,-0.27540355423846546,,0.21029026293696737,-0.2768846806059447
JMA,-0.27540355423846546,1.0,,-0.05641955226685632,0.5891714971600923
CMA,,,,,
HKO,0.21029026293696737,-0.05641955226685632,,1.0,0.07024856164961928
KMA,-0.2768846806059447,0.5891714971600923,,0.07024856164961928,1.0
