{
  "scope": "2001-2024, NATURE=TS, common available median >=17.2 m/s",
  "records": 11205,
  "storms": 564,
  "raw_availability": {
    "JTWC": 0.952788933511825,
    "JMA": 0.9722445336903168,
    "CMA": 0.9970548862115127,
    "HKO": 0.9791164658634538,
    "KMA": 0.39509147701918784
  },
  "original_availability": {
    "JTWC": 0.9526996876394467,
    "JMA": 0.9722445336903168,
    "CMA": 0.9970548862115127,
    "HKO": 0.9791164658634538,
    "KMA": 0.39509147701918784
  },
  "complete_five_original_rate": 0.3778670236501562,
  "by_era": {
    "2000-2009": {
      "records": 4474,
      "availability": {
        "JTWC": 0.9566383549396513,
        "JMA": 0.9772016092981672,
        "CMA": 0.9970943227536879,
        "HKO": 0.9874832364774251,
        "KMA": 0.0
      }
    },
    "2010-2019": {
      "records": 4816,
      "availability": {
        "JTWC": 0.9447674418604651,
        "JMA": 0.967607973421927,
        "CMA": 0.9960548172757475,
        "HKO": 0.9740448504983389,
        "KMA": 0.535921926910299
      }
    },
    "2020-2024": {
      "records": 1915,
      "availability": {
        "JTWC": 0.9634464751958225,
        "JMA": 0.9723237597911227,
        "CMA": 0.9994778067885117,
        "HKO": 0.9723237597911227,
        "KMA": 0.9639686684073107
      }
    }
  },
  "by_intensity": {
    "17.2-24.4": {
      "records": 3921,
      "availability": {
        "JTWC": 0.9546034174955369,
        "JMA": 0.9589390461616935,
        "CMA": 0.9956643713338434,
        "HKO": 0.9829125223157358,
        "KMA": 0.438153532262178
      }
    },
    "24.5-32.6": {
      "records": 2568,
      "availability": {
        "JTWC": 0.9657320872274143,
        "JMA": 0.9906542056074766,
        "CMA": 0.9980529595015576,
        "HKO": 0.9855919003115264,
        "KMA": 0.3430685358255452
      }
    },
    "32.7-41.4": {
      "records": 2248,
      "availability": {
        "JTWC": 0.9550711743772242,
        "JMA": 0.9875444839857651,
        "CMA": 0.9959964412811388,
        "HKO": 0.9866548042704626,
        "KMA": 0.3919039145907473
      }
    },
    "41.5-50.8": {
      "records": 1654,
      "availability": {
        "JTWC": 0.939540507859734,
        "JMA": 0.9607013301088271,
        "CMA": 0.9987908101571947,
        "HKO": 0.9600967351874244,
        "KMA": 0.35066505441354295
      }
    },
    ">=50.9": {
      "records": 814,
      "availability": {
        "JTWC": 0.9226044226044227,
        "JMA": 0.9594594594594594,
        "CMA": 1.0,
        "HKO": 0.9582309582309583,
        "KMA": 0.45085995085995084
      }
    }
  },
  "by_distance": {
    "0-100": {
      "records": 2763,
      "availability": {
        "JTWC": 0.9779225479551212,
        "JMA": 0.9717698154180239,
        "CMA": 0.9949330437929786,
        "HKO": 0.9931234165761853,
        "KMA": 0.4020991675714803
      }
    },
    "100-200": {
      "records": 1927,
      "availability": {
        "JTWC": 0.9761286974571873,
        "JMA": 0.9823559937727037,
        "CMA": 0.9979242345614946,
        "HKO": 0.9937727036844837,
        "KMA": 0.4063310845874416
      }
    },
    "200-400": {
      "records": 2993,
      "availability": {
        "JTWC": 0.9712662880053458,
        "JMA": 0.978950885399265,
        "CMA": 0.9979953224189776,
        "HKO": 0.9856331440026729,
        "KMA": 0.40962245238890743
      }
    },
    "400-800": {
      "records": 2776,
      "availability": {
        "JTWC": 0.9355187319884726,
        "JMA": 0.9740634005763689,
        "CMA": 0.997478386167147,
        "HKO": 0.9722622478386167,
        "KMA": 0.3850864553314121
      }
    },
    ">=800": {
      "records": 746,
      "availability": {
        "JTWC": 0.7882037533512064,
        "JMA": 0.9142091152815014,
        "CMA": 0.9973190348525469,
        "HKO": 0.8887399463806971,
        "KMA": 0.3190348525469169
      }
    }
  },
  "top_original_availability_patterns": {
    "11110": 6265,
    "11111": 4234,
    "01110": 200,
    "00100": 152,
    "01111": 126,
    "10110": 74,
    "10111": 42,
    "01100": 24,
    "11101": 22,
    "00110": 20,
    "10000": 17,
    "11100": 9,
    "11010": 7,
    "01000": 5,
    "10010": 3,
    "00101": 2,
    "11000": 1,
    "01101": 1,
    "10100": 1
  },
  "pattern_order": [
    "JTWC",
    "JMA",
    "CMA",
    "HKO",
    "KMA"
  ],
  "selection_comparison": {
    "complete_five": {
      "records": 4234,
      "storms": 232,
      "median_intensity_ms": 28.64426666666667,
      "median_coast_distance_km": 239.67196897202754,
      "era_distribution": {
        "2010-2019": 0.5748700991969768,
        "2020-2024": 0.42512990080302315
      },
      "intensity_distribution": {
        "17.2-24.4": 0.3814359943316013,
        "24.5-32.6": 0.1998110533774209,
        "32.7-41.4": 0.19603212092583844,
        "41.5-50.8": 0.1360415682569674,
        ">=50.9": 0.08667926310817194
      }
    },
    "incomplete": {
      "records": 6971,
      "storms": 394,
      "median_intensity_ms": 29.75546666666667,
      "median_coast_distance_km": 258.6789382707109,
      "era_distribution": {
        "2000-2009": 0.6418017501075886,
        "2010-2019": 0.3417013340984077,
        "2020-2024": 0.016496915794003728
      },
      "intensity_distribution": {
        "17.2-24.4": 0.33079902453019655,
        "24.5-32.6": 0.24702338258499498,
        "32.7-41.4": 0.20341414431215032,
        "41.5-50.8": 0.15464065413857409,
        ">=50.9": 0.06412279443408406
      }
    }
  },
  "flow": {
    "main_synoptic_records_2001_2024": 24073,
    "tropical_records_2001_2024": 17334,
    "eligible_at_least_one_agency_and_17_2ms": 11205,
    "complete_five_original_and_17_2ms": 4234,
    "complete_five_original_storms": 232
  }
}
