,JTWC,JMA,CMA,HKO,KMA
JTWC,0.0,5.350938002456813,3.995558823097056,4.127159551755879,5.541493728045622
JMA,5.350938002456813,0.0,3.1847990772735097,3.563473698101541,2.7878362661327234
CMA,3.995558823097056,3.1847990772735097,0.0,2.4897580877210306,3.439430709262081
HKO,4.127159551755879,3.563473698101541,2.4897580877210306,0.0,3.580802873467875
KMA,5.541493728045622,2.7878362661327234,3.439430709262081,3.580802873467875,0.0
