,JTWC,JMA,CMA,HKO,KMA
JTWC,0.0,4.745222175584016,3.5207372815431928,3.726392897578393,4.929310409189192
JMA,4.745222175584016,0.0,3.1847990772735097,3.563473698101541,2.7878362661327234
CMA,3.5207372815431928,3.1847990772735097,0.0,2.4897580877210306,3.439430709262081
HKO,3.726392897578393,3.563473698101541,2.4897580877210306,0.0,3.580802873467875
KMA,4.929310409189192,2.7878362661327234,3.439430709262081,3.580802873467875,0.0
